<?xml version="1.0" encoding="UTF-8"?>
<allsms count="416">
	<sms address="+380937627126" date="1426804453617" type="1" body="И масло бут" read="1" service_center="+380630000008" />
	<sms address="+380937627126" date="1426790030590" type="1" body="Купи соленых огурцов, зелёный лук и 3 плав.сырка( не дороже 6 грн штучка)" read="1" service_center="+380630000008" />
	<sms address="+380937627126" date="1426789185940" type="1" body=" У Вас пропущених дзвінків: 1 від +380937627126, останній в 19:55, й **380XXXXXXXXX" read="1" service_center="+380630000007" />
	<sms address="+380937627126" date="1426788704175" type="1" body="Ты ещё на работе???" read="1" service_center="+380630000008" />
	<sms address="+380937627126" date="1426788454588" type="1" body="19.03.2015.*** Телефонуй за рахунок іншого абонента life:) - набира" read="1" service_center="+380630000007" />
	<sms address="+380937627126" date="1426783944690" type="1" body=" Ты скоро буш дома?" read="1" service_center="+380630000007" />
	<sms address="FOXTROT" date="1426781934315" type="1" body="Vasha ZNYZHKA z kartkoyu u Foxtrot -22% na pobut.tehniku ta aksesuary; -12% na televisory, smartfony, planshety, nouty! 20-22.03.15!(krim akc.tovariv)0800500153" read="1" service_center="+38050000501" />
	<sms address="+380937627126" date="1426780127757" type="1" body="Ура!!! Угадала))))" read="1" service_center="+380630000008" />
	<sms address="+380937627126" date="1426780064178" type="2" body="40-41" read="1" service_center="" />
	<sms address="+380937627126" date="1426780034569" type="1" body="Зай какой у тя размер лапы????" read="1" service_center="+380630000007" />
	<sms address="+380937627126" date="1426777273980" type="1" body="Я тебя люблю, Мой Пушыстик )))) и оч скучаю))" read="1" service_center="+380630000008" />
	<sms address="life:)" date="1426766638525" type="1" body="*111#" read="1" service_center="+380442379984" />
	<sms address="life:)" date="1426765228635" type="1" body="Денну плату не сплачено, Вам надано кредит. Спілкуйтесь зараз - сплачуйте пізніше лише за дні, коли користувались. Перевірка балансу: *111#" read="1" service_center="+380442379984" />
	<sms address="+380937627126" date="1426757396691" type="1" body="Зай... Пожалуйста извини я забыла снять показатели со счетчиков((( напишы по 5 кубов и там и там на воду" read="1" service_center="+380630000008" />
	<sms address="life:)" date="1426750349856" type="1" body="Denna plata za korystuvannya poslugamy splachena v borg zavdiaky posluzi &quot;Shalenyi den&apos; kredyt&quot;. Popovnit&apos;, bud&apos; laska, rahunok. Perevirka balansu: *111#" read="1" service_center="+380442379984" />
	<sms address="SameTo" date="1426704667371" type="1" body="Ваш заказ №10417 принят! Оператор свяжется с Вами завтра. 0973334422" read="1" service_center="+380442379984" />
	<sms address="SameTo" date="1426704526146" type="1" body="Ваш заказ №10417 принят! Оператор свяжется с Вами завтра. 0973334422" read="1" service_center="+380442379984" />
	<sms address="40404" date="1426692115629" type="1" body="Откройте для себя Твиттер!

Нажмите m.twitter.com/@poroshenko или ответьте ЧИТАТЬ @POROSHENKO, чтобы посмотреть больше твитов пользователя.
Чтобы отключить, отправьте УЗНАВАТЬ ВЫКЛЮЧИТЬ." read="1" service_center="+380442379984" />
	<sms address="40404" date="1426690995927" type="1" body="@poroshenko: Щиро вітаю Валентину Семеренко з золотою нагородою на чемпіонаті світу! http://t.co/IkqtxHm0jS/s/SClf" read="1" service_center="+380442379984" />
	<sms address="+380937627126" date="1426604801509" type="2" body="Ояень сильно :-) :-) :-) " read="1" service_center="" />
	<sms address="+380937627126" date="1426596060004" type="1" body="А ты меня любишь? ;-)" read="1" service_center="+380630000008" />
	<sms address="+380937627126" date="1426595396457" type="1" body="Я разослала на несколько вакансий кьюай резюме...позвоню вечером Светке Лазоренко" read="1" service_center="+380630000008" />
	<sms address="+380937627126" date="1426594957980" type="2" body="Хорлшо Солнышко" read="1" service_center="" />
	<sms address="+380937627126" date="1426594382858" type="1" body="Я звонила, но никто не взял трубку(( позвоню ппж" read="1" service_center="+380630000008" />
	<sms address="+380937627126" date="1426593202946" type="1" body="Абонент +380937627126 знову на зв&apos;язку з 17.03 13:53.Будь ласка, зателефонуйте!*** Телефонуй за рахунок іншого абонента life:) - набирай **380XXXXXXXXX" read="1" service_center="+380630000007" />
	<sms address="+380937627126" date="1426592855235" type="1" body="Ви можете надіслати голосове повідомлення абоненту, з яким не змогли зв&apos;язатися. Просто наберіть зірочку, номер абонента (*380937627126) і запишіть Ваше повідомлення." read="1" service_center="+380630000007" />
	<sms address="life:)" date="1426497057748" type="1" body="На жаль, денна плата сьогодні не була сплачена. Поповніть рахунок, щоб користуватись перевагами Вашого тарифу. Деталі: *111#" read="1" service_center="+380442379984" />
	<sms address="life:)" date="1426486462765" type="1" body="Вам нараховано хвилини, безлімітний Інтернет та SMS на день згідно з умовами Вашого тарифного плану. Перевірка балансу: *111# та *121#. Приємного спілкування!" read="1" service_center="+380442379984" />
	<sms address="life:)" date="1426486176634" type="1" body="Вам нараховано хвилини, безлімітний Інтернет та SMS на день згідно " read="1" service_center="+380442379984" />
	<sms address="life:)" date="1426486103233" type="1" body="Ваш рахунок поповнено на 8 грн. Приємного спілкування!" read="1" service_center="+380442379984" />
	<sms address="life:)" date="1426410180159" type="1" body="У Вас низький баланс! Поповніть, будь ласка, рахунок. Дякуємо!" read="1" service_center="+380630010563" />
	<sms address="10060" date="1426401816101" type="1" body="5*26 08:43
Popolnenie 250.00UAH (Terminal samoobsluzh). Bal:4047.15UAH
 Kak polzovatsya kreditom i ne platit komissii? pb.ua/karta" read="1" service_center="+380442379984" />
	<sms address="UKREXIMBANK" date="1426401687924" type="1" body="15.03 08:40 403520******1323.8382848466.980 -2000 =677,09" read="1" service_center="+380443736994" />
	<sms address="UKREXIMBANK" date="1426401676463" type="1" body="15.03 08:40 403520******1323.8382848466.980 -2000 =677,09" read="1" service_center="+38050000501" />
	<sms address="10060" date="1426397627100" type="1" body="5*26 07:33
Snyatie 200.00UAH (Cardless Cash 8631) Komissia 12.09UAH. Bal:3797.15UAH
 Kak polzovatsya kreditom i ne platit komissii? pb.ua/karta" read="1" service_center="+380442379984" />
	<sms address="10060" date="1426397530447" type="1" body="Ne peredavajte PAROL i PIN-KOD tretim licam. Vhod v bankomat, Parol: 8093" read="1" service_center="+380442379984" />
	<sms address="+380972334548" date="1426347936609" type="1" body="Я дзвонив(ла) Вам  
о 17:43, 14.03.15.
//&quot;Knygu chytaesh, yak na krylah litaesh&quot;. http://smart.kyivstar.ua" read="1" service_center="+380672021111" />
	<sms address="UKREXIMBANK" date="1426341908704" type="1" body="14.03 15:47 Declined!403520******1323 Exceeds withdrawal limit. 114.07. UKR KIEV CH Debit 403520******13232403520******1323 UA P2PSMS.Suma operaciji UAH 114.07 0442473838" read="1" service_center="+380443736994" />
	<sms address="UKREXIMBANK" date="1426341905150" type="1" body="14.03 15:44 403520******1323.8382848466.980 -1,01 =2677,09" read="1" service_center="+380443736994" />
	<sms address="UKREXIMBANK" date="1426341898625" type="1" body="14.03 15:44 403520******1323.8382848466.980 +1,01 =2677,09 Visa Electron Retail Kod 304207.Reversal.Suma operaciji UAH 1" read="1" service_center="+380443736994" />
	<sms address="10060" date="1426341093052" type="1" body="Privat24. Parol vhoda:  76-11-73-29  Yakscho Vy ne zdiisnyuvaly cyu operaciyu, zatelefonuite: 3700" read="1" service_center="+380442379984" />
	<sms address="UKREXIMBANK" date="1426340893725" type="1" body="14.03 15:47 Vidmova! 403520******1323 Perevischeno limit tranzakciji. 114.07. UKR KIEV CH Debit 403520******13232403520******1323 UA P2PSMS.Suma operaciji UAH 114.07 0442473838" read="1" service_center="+38050000501" />
	<sms address="UKREXIMBANK" date="1426340692247" type="1" body="14.03 15:44 403520******1323.8382848466.980 -1,01 =2677,09" read="1" service_center="+38050000501" />
	<sms address="UKREXIMBANK" date="1426340683877" type="1" body="14.03 15:44 403520******1323.8382848466.980 +1,01 =2677,09" read="1" service_center="+38050000501" />
	<sms address="10060" date="1426339585649" type="1" body="Password: 74-64-12-71  Yakscho Vy ne zdiisnyuvaly cyu operaciyu, zatelefonuite:3700" read="1" service_center="+380442379984" />
	<sms address="10060" date="1426339400020" type="1" body="Privat24. Parol vhoda:  22-09-41-47  Yakscho Vy ne zdiisnyuvaly cyu operaciyu, zatelefonuite: 3700" read="1" service_center="+380442379984" />
	<sms address="life:)" date="1426242697075" type="1" body="Денну плату не сплачено, Вам надано кредит. Спілкуйтесь зараз - сплачуйте пізніше лише за дні, коли користувались. Перевірка балансу: *111#" read="1" service_center="+380442379984" />
	<sms address="life:)" date="1426233571317" type="1" body="На Вашому рахунку менше 1 грн. Поповніть рахунок (pay.life.ua-безкоштовно) або запитайте переказ балансу у друга: надішліть SMS з текстом SOS 80X3XXXXXXX на 123" read="1" service_center="+380442379984" />
	<sms address="life:)" date="1426233551627" type="1" body="Denna plata za korystuvannya poslugamy splachena v borg zavdiaky posluzi &quot;Shalenyi den&apos; kredyt&quot;. Popovnit&apos;, bud&apos; laska, rahunok. Perevirka balansu: *111#" read="1" service_center="+380442379984" />
	<sms address="10060" date="1426231734625" type="1" body="Vy pidtverdzhuete 1 platizh(-i) zi svoei kartky na sumu 202.0 UAH . Parol:  35-48-38-70  Yakscho Vy ne zdiisnyuvaly cyu operaciyu, zatelefonuite:3700" read="1" service_center="+380442379984" />
	<sms address="10060" date="1426231625578" type="1" body="Privat24. Parol vhoda:  76-56-46-49  Yakscho Vy ne zdiisnyuvaly cyu operaciyu, zatelefonuite: 3700" read="1" service_center="+380442379984" />
	<sms address="10060" date="1426230564043" type="1" body="4*45 09:08
Popolnenie 200.00UAH (PAYMENTS  UAH) Komissia 1.00UAH Na kopilku 20.00UAH. Bal:247.42UAH
 Perevod na kartu PrivatBanka.  Plschik Hraban Mihail Igore" read="1" service_center="+380442379984" />
	<sms address="+380937627126" date="1426155750453" type="1" body="Не за что)" read="1" service_center="+380630000007" />
	<sms address="+380937627126" date="1426155703232" type="2" body="Спасибо" read="1" service_center="" />
	<sms address="+380937627126" date="1426154565877" type="1" body="МЕ 954543" read="1" service_center="+380630000008" />
	<sms address="+380937627126" date="1426153198095" type="1" body="Ищу" read="1" service_center="+380630000007" />
	<sms address="+380937627126" date="1426153160940" type="2" body="А пасспорт" read="1" service_center="" />
	<sms address="+380937627126" date="1426153020507" type="1" body="Ипн 3417612321" read="1" service_center="+380630000008" />
	<sms address="+380937627126" date="1426151204248" type="2" body="Скинь свой ипн,серию номер пасспорта" read="1" service_center="" />
	<sms address="+380938467276" date="1426076127803" type="1" body="Ви можете надіслати голосове повідомлення абоненту, з яким не змогли зв&apos;язатися. Просто наберіть зірочку, номер абонента (*380938467276) і запишіть Ваше повідомлення." read="1" service_center="+380630000007" />
	<sms address="life:)" date="1426074496184" type="1" body="Вам нараховано хвилини, безлімітний Інтернет та SMS на день згідно з умовами Вашого тарифного плану. Перевірка балансу: *111# та *121#. Приємного спілкування!" read="1" service_center="+380442379984" />
	<sms address="life:)" date="1425888945155" type="1" body="Зверніть увагу, що станом на початок дня на Вашому рахунку залишилось менше 5грн. Для комфортного спілкування ми радимо Вам поповнити рахунок. Рекомендована сума 40грн. Перевірка рахунку *111#" read="1" service_center="+380630010563" />
	<sms address="+380937627126" date="1425833918718" type="2" body="Покупаь билеьы на Духлесс 2 ?" read="1" service_center="" />
	<sms address="+380937627126" date="1425828851941" type="2" body="Модешь собираться чтобы в семь ыстретились возле КР" read="1" service_center="" />
	<sms address="+380937627126" date="1425828786376" type="2" body="Посмотри афишу на КР" read="1" service_center="" />
	<sms address="+380937627126" date="1425828355225" type="2" body="Я на работе. Потом оььясню" read="1" service_center="" />
	<sms address="+380937627126" date="1425828300579" type="1" body=" У Вас пропущених дзвінків: 2 від +380937627126, останній в 17:19, 08.03.2015.*** Телефонуй за рахунок іншого абонента life:) - набирай **380XXXXXXXXX" read="1" service_center="+380630000007" />
	<sms address="life:)" date="1425814158923" type="1" body="Denna plata za korystuvannya poslugamy splachena v borg zavdiaky posluzi &quot;Shalenyi den&apos; kredyt&quot;. Popovnit&apos;, bud&apos; laska, rahunok. Perevirka balansu: *111#" read="1" service_center="+380442379984" />
	<sms address="life:)" date="1425813855616" type="1" body="Denna plata za korystuvannya poslugamy splachena v borg zavdiaky posluzi &quot;Shalenyi den&apos; kredyt&quot;. Popovnit&apos;, bud&apos; laska, rahunok. Perevirka balansu: *111#" read="1" service_center="+380442379984" />
	<sms address="life:)" date="1425809237630" type="1" body="Денну плату не сплачено, Вам надано кредит. Спілкуйтесь зараз - сплачуйте пізніше лише за дні, коли користувались. Перевірка балансу: *111#" read="1" service_center="+380442379984" />
	<sms address="+380974482498" date="1425701964827" type="2" body="Все забрав мамо, дякую" read="1" service_center="" />
	<sms address="+380974482498" date="1425643932387" type="1" body="Вже приземлився з парашутом" read="1" service_center="+380672021111" />
	<sms address="life:)" date="1425631717479" type="1" body="На жаль, денна плата сьогодні не була сплачена. Поповніть рахунок, щоб користуватись перевагами Вашого тарифу. Деталі: *111#" read="1" service_center="+380442379984" />
	<sms address="life:)" date="1425623548539" type="1" body="Вам нараховано хвилини, безлімітний Інтернет та SMS на день згідно з умовами Вашого тарифного плану. Перевірка балансу: *111# та *121#. Приємного спілкування!" read="1" service_center="+380442379984" />
	<sms address="life:)" date="1425623537999" type="1" body="Ваш рахунок поповнено на 7 грн. Приємного спілкування!" read="1" service_center="+380442379984" />
	<sms address="life:)" date="1425621403654" type="1" body="Я намагався Вам додзвонитися. Передзвоніть мені, будь ласка, на номер +380936504751" read="1" service_center="+380630000007" />
	<sms address="+380638589854" date="1425617459848" type="2" body="Да:-) " read="1" service_center="" />
	<sms address="+380638589854" date="1425617440397" type="1" body="Это твой второй номер?" read="1" service_center="+380630000008" />
	<sms address="+380638589854" date="1425617398997" type="2" body="Принято:-) :-) :-) " read="1" service_center="" />
	<sms address="+380638589854" date="1425617188057" type="1" body="Андрей, не забудь свою важную миссию на сегодня - цветы, упаковка, конверт. Лимит 125 грн. Расчётное время - до 9.00. Локация - голубиное гнездо." read="1" service_center="+380630000008" />
	<sms address="+380937627126" date="1425576544933" type="1" body="Ви можете надіслати голосове повідомлення абоненту, з яким не змогли зв&apos;язатися. Просто наберіть зірочку, номер абонента (*380937627126) і запишіть Ваше повідомлення." read="1" service_center="+380630000007" />
	<sms address="+380937627126" date="1425576230843" type="1" body=" У Вас пропущених дзвінків: 2 від +380937627126, останній в 19:11, 05.03.2015.*** Телефонуй за рахунок іншого абонента life:) - набирай **380XXXXXXXXX" read="1" service_center="+380630000007" />
	<sms address="life:)" date="1425366786038" type="1" body="Denna plata za korystuvannya poslugamy splachena v borg zavdiaky posluzi &quot;Shalenyi den&apos; kredyt&quot;. Popovnit&apos;, bud&apos; laska, rahunok. Perevirka balansu: *111#" read="1" service_center="+380442379984" />
	<sms address="+380937627126" date="1425329486457" type="1" body="Abonent +380937627126 znovy na zv&apos;azky z 02.03 22:45. Bud&apos;laska, zatelefonuite!" read="1" service_center="+380630000007" />
	<sms address="+380937627126" date="1425329166004" type="1" body="Абонент +380937627126 знову на зв&apos;язку з 02.03 22:45.Будь ласка, зателефонуйте!*** Телефонуй за рахунок іншого абонента life:) - набирай **380XXXXXXXXX" read="1" service_center="+380630000007" />
	<sms address="life:)" date="1425324223815" type="1" body="Вам нараховано хвилини, безлімітний Інтернет та SMS на день згідно з умовами Вашого тарифного плану. Перевірка балансу: *111# та *121#. Приємного спілкування!" read="1" service_center="+380442379984" />
	<sms address="+380938467276" date="1425291765696" type="1" body="Абонент +380938467276 знову на зв&apos;язку з 02.03 12:22.Будь ласка, зателефонуйте!*** Телефонуй за рахунок іншого абонента life:) - набирай **380XXXXXXXXX" read="1" service_center="+380630000007" />
	<sms address="life:)" date="1425288213457" type="1" body="На жаль, денна плата сьогодні не була сплачена. Поповніть рахунок, щоб користуватись перевагами Вашого тарифу. Деталі: *111#" read="1" service_center="+380442379984" />
	<sms address="+380938467276" date="1425223828429" type="1" body="Ви можете надіслати голосове повідомлення абоненту, з яким не змогли зв&apos;язатися. Просто наберіть зірочку, номер абонента (*380938467276) і запишіть Ваше повідомлення." read="1" service_center="+380630000007" />
	<sms address="+380937627126" date="1425148027048" type="1" body=" У Вас пропущених дзвінків: 3 від +380937627126, останній в 20:20, 28.02.2015.*** Телефонуй за рахунок іншого абонента life:) - набирай **380XXXXXXXXX" read="1" service_center="+380630000007" />
	<sms address="+380939811864" date="1425042112489" type="1" body="Ви можете надіслати голосове повідомлення абоненту, з яким не змогли зв&apos;язатися. Просто наберіть зірочку, номер абонента (*380939811864) і запишіть Ваше повідомлення." read="1" service_center="+380630000007" />
	<sms address="life:)" date="1425029190266" type="1" body="Денну плату не сплачено, Вам надано кредит. Спілкуйтесь зараз - сплачуйте пізніше лише за дні, коли користувались. Перевірка балансу: *111#" read="1" service_center="+380442379984" />
	<sms address="life:)" date="1425021011886" type="1" body="Denna plata za korystuvannya poslugamy splachena v borg zavdiaky posluzi &quot;Shalenyi den&apos; kredyt&quot;. Popovnit&apos;, bud&apos; laska, rahunok. Perevirka balansu: *111#" read="1" service_center="+380442379984" />
	<sms address="+380937627126" date="1424866705482" type="1" body="Ура! Буду сегодня с телефоном:-;-)" read="1" service_center="+380630000007" />
	<sms address="+380937627126" date="1424866622133" type="2" body="Зыонил" read="1" service_center="" />
	<sms address="+380937627126" date="1424866605787" type="1" body="Пришла смс?" read="1" service_center="+380630000007" />
	<sms address="+380937627126" date="1424866571613" type="2" body="Все норм. Седня заберу" read="1" service_center="" />
	<sms address="Rozetka.ua" date="1424866519928" type="1" body="Заказ №500494121 сумма 1199.20грн. Пункт выдачи ул.Ярославская,57. Резерв 2 дня." read="1" service_center="+380672021111" />
	<sms address="+380937627126" date="1424866136369" type="2" body="Спасибо за Вашу заявку №26455292. Мы свяжемся с Вами сегодня, после 8:00." read="1" service_center="" />
	<sms address="+380937627126" date="1424864752998" type="1" body="Тебе звонили уже?" read="1" service_center="+380630000008" />
	<sms address="+380937627126" date="1424859110225" type="1" body="Скучаю за тобой:-(" read="1" service_center="+380630000007" />
	<sms address="Rozetka" date="1424817597904" type="1" body="Спасибо за Вашу заявку №26455292. Мы свяжемся с Вами сегодня, после 8:00." read="1" service_center="+380442379984" />
	<sms address="life:)" date="1424804297577" type="1" body="Ваш рахунок поповнено на 7 грн. Приємного спілкування!" read="1" service_center="+380442379984" />
	<sms address="+380937627126" date="1424801903660" type="1" body=" У Вас пропущених дзвінків: 1 від +380937627126, останній в 20:09, 24.02.2015.*** Телефонуй за рахунок іншого абонента life:) - набирай **380XXXXXXXXX" read="1" service_center="+380630000007" />
	<sms address="+380937627126" date="1424801866997" type="1" body="Кукурузку и крабовые палки" read="1" service_center="+380630000007" />
	<sms address="life:) 3G" date="1424786820301" type="1" body="Вітаємо! Вчора life:) першим серед операторів отримав 3G ліцензію! Вже скоро Ви зможете відчути нову швидкість Інтернету! Деталі: телефонуй 5076 або заходь на life.ua/3g" read="1" service_center="+380630010563" />
	<sms address="+380937627126" date="1424676451098" type="1" body="Ваше повiдомлення, залишене абоненту +380937627126 в 20.02.2015 21:06, не було прослухано" read="1" service_center="+380630000008" />
	<sms address="life:)" date="1424601813183" type="1" body="Денну плату не сплачено, Вам надано кредит. Спілкуйтесь зараз - сплачуйте пізніше лише за дні, коли користувались. Перевірка балансу: *111#" read="1" service_center="+380442379984" />
	<sms address="life:)" date="1424592948290" type="1" body="Denna plata za korystuvannya poslugamy splachena v borg zavdiaky posluzi &quot;Shalenyi den&apos; kredyt&quot;. Popovnit&apos;, bud&apos; laska, rahunok. Perevirka balansu: *111#" read="1" service_center="+380442379984" />
	<sms address="life:)" date="1424590587862" type="1" body="Шановний абоненте! Станом на початок дня на Вашому рахунку залишилось менше 5грн. Поповніть, будь ласка, рахунок для комфортного спілкування. Рекомендована сума 40грн. Перевірка рахунку *111#" read="1" service_center="+380630010563" />
	<sms address="+380937627126" date="1424509735911" type="1" body="Ззаааай!!!! ты мне $ скинул??????" read="1" service_center="+380630000008" />
	<sms address="+380937627126" date="1424463802144" type="1" body="Ваше повідомлення, залишене абоненту +380937627126, було прослухано" read="1" service_center="+380630000008" />
	<sms address="+380972334548" date="1424445109271" type="2" body="Все вiдправив тату" read="1" service_center="" />
	<sms address="life:)" date="1424333564359" type="1" body="На жаль, денна плата сьогодні не була сплачена. Поповніть рахунок, щоб користуватись перевагами Вашого тарифу. Деталі: *111#" read="1" service_center="+380442379984" />
	<sms address="life:)" date="1424329177934" type="1" body="Вам нараховано хвилини, безлімітний Інтернет та SMS на день згідно з умовами Вашого тарифного плану. Перевірка балансу: *111# та *121#. Приємного спілкування!" read="1" service_center="+380442379984" />
	<sms address="life:)" date="1424329165103" type="1" body="Ваш рахунок поповнено на 8.5 грн. Приємного спілкування!" read="1" service_center="+380442379984" />
	<sms address="life:)" date="1424261542389" type="1" body="Ви можете телефонувати абонентам life:) за їх рахунок з &quot;Заплати за  мій дзвінок&quot;-набирайте **380XXXXXXXXX або скористайтесь підказками голосового повідомлення, яке почуєте, якщо на рахунку недостатньо коштів для дзвінка. Управління: *816*1# . Деталі life.ua" read="1" service_center="+380630010563" />
	<sms address="Bilink" date="1424247514820" type="1" body="Увага!Послугу буде призупинено 19.02.Поповніть рахунок за дог.№0816536" read="1" service_center="+380442379984" />
	<sms address="+380939984784" date="1424166851837" type="1" body="17.02.2015.*** Телефонуй за рахунок іншого абонента life:) - набирай **380XXXXXXXXX" read="1" service_center="+380630000007" />
	<sms address="+380939984784" date="1424166518683" type="1" body=" У Вас пропущених дзвінків: 1 від +380939984784, останній в 11:32, 17.02.2015.*** Телефонуй за рахунок іншого абонента life:) - набира" read="1" service_center="+380630000007" />
	<sms address="+380939984784" date="1424166447174" type="1" body="Андрей пусть Бовкун уйдет к себе. Мне выйти надо" read="1" service_center="+380630000007" />
	<sms address="life:)" date="1424073227525" type="1" body="Denna plata za korystuvannya poslugamy splachena v borg zavdiaky posluzi &quot;Shalenyi den&apos; kredyt&quot;. Popovnit&apos;, bud&apos; laska, rahunok. Perevirka balansu: *111#" read="1" service_center="+380442379984" />
	<sms address="life:)" date="1424071210391" type="1" body="Денну плату не сплачено, Вам надано кредит. Спілкуйтесь зараз - сплачуйте пізніше лише за дні, коли користувались. Перевірка балансу: *111#" read="1" service_center="+380442379984" />
	<sms address="+380974482498" date="1424021832463" type="1" body=" У Вас пропущених дзвінків: 1 від +380974482498, останній в 16:53, 15.02.2015.*** Телефонуй за рахунок іншого абонента life:) - набирай **380XXXXXXXXX" read="1" service_center="+380630000007" />
	<sms address="+380972334548" date="1424021814819" type="1" body=" У Вас пропущених дзвінків: 2 від +380972334548, останній в 17:51, 15.02.2015.*** Телефонуй за рахунок іншого абонента life:) - набирай **380XXXXXXXXX" read="1" service_center="+380630000007" />
	<sms address="+380972334548" date="1424021758045" type="1" body="Я звонил(а) Вам  
в 16:50, 15.02.15.
//Chas dlia novyh znajomstv *870#" read="1" service_center="+380672021111" />
	<sms address="+380974482498" date="1424021742051" type="1" body="Я звонил(а) Вам  
в 16:53, 15.02.15.
//Chas dlia novyh znajomstv *870#" read="1" service_center="+380672021111" />
	<sms address="+380972334548" date="1424021435246" type="1" body="Я снова на связи! Перезвоните мне, пожалуйста.  " read="1" service_center="+380672021111" />
	<sms address="life:)" date="1423984789082" type="1" body="На жаль, денна плата сьогодні не була сплачена. Поповніть рахунок, щоб користуватись перевагами Вашого тарифу. Деталі: *111#" read="1" service_center="+380442379984" />
	<sms address="life:)" date="1423983370371" type="1" body="Вам нараховано хвилини, безлімітний Інтернет та SMS на день згідно з умовами Вашого тарифного плану. Перевірка балансу: *111# та *121#. Приємного спілкування!" read="1" service_center="+380442379984" />
	<sms address="life:)" date="1423983352994" type="1" body="Ваш рахунок поповнено на 6 грн. Приємного спілкування!" read="1" service_center="+380442379984" />
	<sms address="StudentTaxi" date="1423974810512" type="1" body="Т : 60 грн В 06:41  :  АА4150ОР СЕРЫЙ ЛАНОС (093-819-96-76) " read="1" service_center="+380442379984" />
	<sms address="life:)" date="1423910708004" type="1" body="сь менше 5грн. Для комфортного спілкування ми радимо Вам поповнити рахунок. Рекомендована сума 40грн. Перевірка рахунку *111#" read="1" service_center="+380630010563" />
	<sms address="Taxi Pro " date="1423742706502" type="1" body="Uvazhaemyj Klient, my cenim Vashe obrashhenie v nashu Sluzhbu zakaza TAXI i soobshaem o snizhenii tarifov na 20%. Podacha avto 100%. (044) 500-7000 call-back." read="1" service_center="+380443736994" />
	<sms address="life:)" date="1423728294126" type="1" body="Denna plata za korystuvannya poslugamy splachena v borg zavdiaky posluzi &quot;Shalenyi den&apos; kredyt&quot;. Popovnit&apos;, bud&apos; laska, rahunok. Perevirka balansu: *111#" read="1" service_center="+380442379984" />
	<sms address="life:)" date="1423728272617" type="1" body="Денну плату не сплачено, Вам надано кредит. Спілкуйтесь зараз - сплачуйте пізніше лише за дні, коли користувались. Перевірка балансу: *111#" read="1" service_center="+380442379984" />
	<sms address="life:)" date="1423636239064" type="1" body="Вам нараховано хвилини, безлімітний Інтернет та SMS на день згідно з умовами Вашого тарифного плану. Перевірка балансу: *111# та *121#. Приємного спілкування!" read="1" service_center="+380442379984" />
	<sms address="life:)" date="1423635931184" type="1" body="Ваш рахунок поповнено на 7 грн. Приємного спілкування!" read="1" service_center="+380442379984" />
	<sms address="Moi_znyzhky" date="1423576986495" type="1" body="Грошові перекази FORPOST відтепер в Новій Пошті!Розіграш 3-х вікендів до  Львову по 14.02.15 0984500609 Ліц. НБУ No11/1 від 17.10.14" read="1" service_center="+380672021111" />
	<sms address="life:)" date="1423470091330" type="1" body="На жаль, денна плата сьогодні не була сплачена. Поповніть рахунок, щоб користуватись перевагами Вашого тарифу. Деталі: *111#" read="1" service_center="+380442379984" />
	<sms address="life:)" date="1423432250950" type="1" body="ДЗВОНІТЬ РІДНИМ ЗА КОРДОН ДЕШЕВО! Америка, Китай всі номери: 0,10 грн/хв, Європа та Росія фіксовані: 0,10 грн/хв, Європа мобільні: 0,55 - 0,65 грн/хв, Росія мобільні: 1.49 грн/хв. Плата за з’єднання - 1,99грн. Для замовлення дзвоніть *141*2# Деталі: www.life.ua/int" read="1" service_center="+380630010563" />
	<sms address="+380975059403" date="1423271575810" type="1" body="Я снова на связи! Перезвоните мне, пожалуйста.  " read="1" service_center="+380672021111" />
	<sms address="+380685874490" date="1423208679947" type="1" body="Я снова на связи! Перезвоните мне, пожалуйста.  " read="1" service_center="+380672021111" />
	<sms address="life:)" date="1423207979630" type="1" body="Денну плату не сплачено, Вам надано кредит. Спілкуйтесь зараз - сплачуйте пізніше лише за дні, коли користувались. Перевірка балансу: *111#" read="1" service_center="+380442379984" />
	<sms address="life:)" date="1423207585423" type="1" body="Denna plata za korystuvannya poslugamy splachena v borg zavdiaky posluzi &quot;Shalenyi den&apos; kredyt&quot;. Popovnit&apos;, bud&apos; laska, rahunok. Perevirka balansu: *111#" read="1" service_center="+380442379984" />
	<sms address="Solonka" date="1423068043624" type="1" body="Admin. centr: Solonka
Naselennja: 3391 chol.
U pidporjadkuvanni: selo Malechkovichi, selo Nagorjani
Adresa: Lvivska obl., Pustomitivskiy r-n, s. Solonka, vul. Centralna, 2
Chas roboti: pn-pt 8:00-17:00
Kontaktni telefoni: 032-2271393, 032-3024546
Golova: Tkachuk Vitaliy Vasilovich" read="1" service_center="+380910440601" />
	<sms address="+380974482498" date="1423062067571" type="2" body="+380 96 592 4720 АЕ" read="1" service_center="" />
	<sms address="+380932728149" date="1422988550523" type="1" body="093 642 4691" read="1" service_center="+380630000008" />
	<sms address="life:)" date="1422948011825" type="1" body="Вам нараховано хвилини, безлімітний Інтернет та SMS на день згідно з умовами Вашого тарифного плану. Перевірка балансу: *111# та *121#. Приємного спілкування!" read="1" service_center="+380442379984" />
	<sms address="life:)" date="1422947986983" type="1" body="Ваш рахунок поповнено на 8 грн. Приємного спілкування!" read="1" service_center="+380442379984" />
	<sms address="life:)" date="1422947048546" type="1" body="На жаль, денна плата сьогодні не була сплачена. Поповніть рахунок, щоб користуватись перевагами Вашого тарифу. Деталі: *111#" read="1" service_center="+380442379984" />
	<sms address="+380939810458" date="1422885449263" type="1" body="Абонент +380939810458 знову на зв&apos;язку з 02.02 15:57.Будь ласка, зателефонуйте!*** Телефонуй за рахунок іншого абонента life:) - набирай **380XXXXXXXXX" read="1" service_center="+380630000007" />
	<sms address="+380939810458" date="1422882080632" type="1" body="Ви можете надіслати голосове повідомлення абоненту, з яким не змогли зв&apos;язатися. Просто наберіть зірочку, номер абонента (*380939810458) і запишіть Ваше повідомлення." read="1" service_center="+380630000007" />
	<sms address="+380639662990" date="1422813196146" type="1" body="Я звонил(а) Вам  
в 17:04, 01.02.15.
//Tymchasovyj nomer dlia ob&apos;iav chy znajomstv na Vashij SIM! 477*76" read="1" service_center="+380672021111" />
	<sms address="+380939206521" date="1422811798110" type="1" body=" У Вас пропущених дзвінків: 2 від +380939206521, останній в 17:44, 01.02.2015.*** Телефонуй за рахунок іншого абонента life:) - набирай **380XXXXXXXXX" read="1" service_center="+380630000007" />
	<sms address="life:)" date="1422690823473" type="1" body="Денну плату не сплачено, Вам надано кредит. Спілкуйтесь зараз - сплачуйте пізніше лише за дні, коли користувались. Перевірка балансу: *111#" read="1" service_center="+380442379984" />
	<sms address="life:)" date="1422690695701" type="1" body="Denna plata za korystuvannya poslugamy splachena v borg zavdiaky posluzi &quot;Shalenyi den&apos; kredyt&quot;. Popovnit&apos;, bud&apos; laska, rahunok. Perevirka balansu: *111#" read="1" service_center="+380442379984" />
	<sms address="life:)" date="1422601541065" type="1" body="На жаль, денна плата сьогодні не була сплачена. Поповніть рахунок, щоб користуватись перевагами Вашого тарифу. Деталі: *111#" read="1" service_center="+380442379984" />
	<sms address="life:)" date="1422599910620" type="1" body="Вам нараховано хвилини, безлімітний Інтернет та SMS на день згідно з умовами Вашого тарифного плану. Перевірка балансу: *111# та *121#. Приємного спілкування!" read="1" service_center="+380442379984" />
	<sms address="life:)" date="1422599880753" type="1" body="Ваш рахунок поповнено на 7 грн. Приємного спілкування!" read="1" service_center="+380442379984" />
	<sms address="life:)" date="1422532056613" type="1" body="У Вас низький баланс! Поповніть, будь ласка, рахунок. Дякуємо!" read="1" service_center="+380630010563" />
	<sms address="+380679106858" date="1422472372388" type="1" body="Спасибо" read="1" service_center="+380672021111" />
	<sms address="+380637729339" date="1422359547789" type="1" body="Абонент +380637729339 знову на зв&apos;язку з 27.01 13:52.Будь ласка, зателефонуйте!*** Телефонуй за рахунок іншого абонента life:) - набирай **380XXXXXXXXX" read="1" service_center="+380630000007" />
	<sms address="life:)" date="1422344182455" type="1" body="Денну плату не сплачено, Вам надано кредит. Спілкуйтесь зараз - сплачуйте пізніше лише за дні, коли користувались. Перевірка балансу: *111#" read="1" service_center="+380442379984" />
	<sms address="life:)" date="1422342789103" type="1" body="Denna plata za korystuvannya poslugamy splachena v borg zavdiaky posluzi &quot;Shalenyi den&apos; kredyt&quot;. Popovnit&apos;, bud&apos; laska, rahunok. Perevirka balansu: *111#" read="1" service_center="+380442379984" />
	<sms address="life:)" date="1422198369223" type="1" body="Вам нараховано хвилини, безлімітний Інтернет та SMS на день згідно з умовами Вашого тарифного плану. Перевірка балансу: *111# та *121#. Приємного спілкування!" read="1" service_center="+380442379984" />
	<sms address="life:)" date="1422198347581" type="1" body="Ваш рахунок поповнено на 7 грн. Приємного спілкування!" read="1" service_center="+380442379984" />
	<sms address="+380975059403" date="1422187614536" type="1" body="Я звонил(а) Вам  
в 12:17, 25.01.15.
//Do Dnia Sobornosti - ukrainski motyvy zamist&apos; gudkiv. 465" read="1" service_center="+380672021111" />
	<sms address="life:)" date="1422172327584" type="1" body="На жаль, денна плата сьогодні не була сплачена. Поповніть рахунок, щоб користуватись перевагами Вашого тарифу. Деталі: *111#" read="1" service_center="+380442379984" />
	<sms address="+380995327657" date="1422007175700" type="1" body="Aleksandr White @xPosted - twitter
aleksandrzhupanov@gmail.com
Aleksandr Zhupanov - facebook" read="1" service_center="+38050000501" />
	<sms address="life:)" date="1422001895659" type="1" body="У Вас низький баланс! Поповніть, будь ласка, рахунок. Дякуємо!" read="1" service_center="+380630010563" />
	<sms address="+380935749240" date="1421945311441" type="1" body="Абонент +380935749240 знову на зв&apos;язку з 22.01 18:47.Будь ласка, зателефонуйте!*** Телефонуй за рахунок іншого абонента life:) - набирай **380XXXXXXXXX" read="1" service_center="+380630000007" />
	<sms address="+380935749240" date="1421945189740" type="1" body=" У Вас пропущених дзвінків: 1 від +380935749240, останній в 18:46, 22.01.2015.*** Телефонуй за рахунок іншого абонента life:) - набирай **380XXXXXXXXX" read="1" service_center="+380630000007" />
	<sms address="+380935749240" date="1421944972852" type="2" body="Я в метро внизу на льва" read="1" service_center="" />
	<sms address="life:)" date="1421915608215" type="1" body="Denna plata za korystuvannya poslugamy splachena v borg zavdiaky posluzi &quot;Shalenyi den&apos; kredyt&quot;. Popovnit&apos;, bud&apos; laska, rahunok. Perevirka balansu: *111#" read="1" service_center="+380442379984" />
	<sms address="SBERBANK_RF" date="1421752504567" type="1" body="735" read="1" service_center="+380442379984" />
	<sms address="life:)" date="1421741369270" type="1" body="Вам нараховано хвилини, безлімітний Інтернет та SMS на день згідно з умовами Вашого тарифного плану. Перевірка балансу: *111# та *121#. Приємного спілкування!" read="1" service_center="+380442379984" />
	<sms address="life:)" date="1421741129857" type="1" body="Ваш рахунок поповнено на 7 грн. Приємного спілкування!" read="1" service_center="+380442379984" />
	<sms address="life:)" date="1421569372216" type="1" body="На жаль, денна плата сьогодні не була сплачена. Поповніть рахунок, щоб користуватись перевагами Вашого тарифу. Деталі: *111#" read="1" service_center="+380442379984" />
	<sms address="FOX" date="1421500019514" type="1" body="FOX-TAXI
Дешевле не найти!!!
(Киев)
0632376237
0667177667
0970672525" read="1" service_center="+380442379984" />
	<sms address="TAXI-797" date="1421469097259" type="1" body="Т : 58 грн  В 06:38  :  АА6599СМ бежевая деу нексия (063-104-19-95) " read="1" service_center="+380442379984" />
	<sms address="+380974482498" date="1421467799113" type="2" body="Я вже в Киевi мамо" read="1" service_center="" />
	<sms address="life:)" date="1421397549091" type="1" body="Шановний абоненте! Станом на початок дня на Вашому рахунку залишилось менше 5грн. Поповніть, будь ласка, рахунок для комфортного спілкування. Рекомендована сума 40грн. Перевірка рахунку *111#" read="1" service_center="+380630010563" />
	<sms address="life:)" date="1421325402481" type="1" body="ДЗВОНІТЬ РІДНИМ ЗА КОРДОН ДЕШЕВО! Америка, Китай всі номери: 0,10 грн/хв, Європа та Росія фіксовані: 0,10 грн/хв, Європа мобільні: 0,55 - 0,65 грн/хв, Росія мобільні: 1.49 грн/хв. Плата за з’єднання - 1,99грн. Для замовлення дзвоніть *141*2# Деталі: www.life.ua/int" read="1" service_center="+380630010563" />
	<sms address="life:)" date="1421308975013" type="1" body="Денну плату не сплачено, Вам надано кредит. Спілкуйтесь зараз - сплачуйте пізніше лише за дні, коли користувались. Перевірка балансу: *111#" read="1" service_center="+380442379984" />
	<sms address="+380975059403" date="1421306548607" type="1" body="Я звонил(а) Вам  
в 09:20, 15.01.15.
//Chas dlia novyh znajomstv *870#" read="1" service_center="+380672021111" />
	<sms address="life:)" date="1421305807169" type="1" body="Denna plata za korystuvannya poslugamy splachena v borg zavdiaky posluzi &quot;Shalenyi den&apos; kredyt&quot;. Popovnit&apos;, bud&apos; laska, rahunok. Perevirka balansu: *111#" read="1" service_center="+380442379984" />
	<sms address="+380974482498" date="1421248780625" type="1" body="Ya namagavsia(las&apos;) Vam dodzvonytysia 2015-01-14 17:18:54. Peredzvonit&apos;, bud&apos;laska." read="1" service_center="+380672021111" />
	<sms address="+380935749240" date="1421222691705" type="2" body="Прияиного:-) " read="1" service_center="" />
	<sms address="+380935749240" date="1421222645694" type="1" body="Я у тебя книгу по питону взял." read="1" service_center="+380630000007" />
	<sms address="life:)" date="1421155437554" type="1" body="Вам нараховано хвилини, безлімітний Інтернет та SMS на день згідно з умовами Вашого тарифного плану. Перевірка балансу: *111# та *121#. Приємного спілкування!" read="1" service_center="+380442379984" />
	<sms address="Yakaboo.ua" date="1420977168392" type="1" body="Заберите Ваш заказ №2985 по адресу: ул.Фрунзе, 160ю до 15.01.2015" read="1" service_center="+380442379984" />
	<sms address="Yakaboo.ua" date="1420976982416" type="1" body="Ваш заказ принят. Мы свяжемся с Вами сегодня в ближайшее время." read="1" service_center="+380442379984" />
	<sms address="life:)" date="1420882847481" type="1" body="Зверніть увагу, що станом на початок дня на Вашому рахунку залишилось менше 5грн. Для комфортного спілкування ми радимо Вам поповнити рахунок. Рекомендована сума 40грн. Перевірка рахунку *111#" read="1" service_center="+380630010563" />
	<sms address="+380685874490" date="1420529852053" type="1" body="Я снова на связи! Перезвоните мне, пожалуйста.  " read="1" service_center="+380672021111" />
	<sms address="+380975059403" date="1420480991659" type="1" body="Я звонил(а) Вам 2 раза. Последний - 
в 19:33, 05.01.15.
//Dzvinky za kordon vid 11 kop/hvyl z poslugoju &quot;Uliubleni krainy&quot;! Tel.222" read="1" service_center="+380672021111" />
	<sms address="+380975059403" date="1420480956901" type="1" body="Я звонил(а) Вам  
в 19:08, 05.01.15.
//Dzvinky za kordon vid 11 kop/hvyl z poslugoju &quot;Uliubleni krainy&quot;! Tel.222" read="1" service_center="+380672021111" />
	<sms address="+380932728149" date="1420372836318" type="1" body=" У Вас пропущених дзвінків: 1 від +380932728149, останній в 13:59, 04.01.2015.*** Безлімітний ВКонтакті з мобільного всього за 10 грн/30 днів: *123*79#" read="1" service_center="+380630000007" />
	<sms address="+380632613931" date="1420301273381" type="1" body="Я звонил(а) Вам  
в 16:07, 03.01.15.
//Dzvinky, internet i SMS za kordonom vid 1 grn. Info 477*106" read="1" service_center="+380672021111" />
	<sms address="+380685874490" date="1420301265213" type="1" body="Я звонил(а) Вам  
в 17:25, 03.01.15.
//Dzvinky, internet i SMS za kordonom vid 1 grn. Info 477*106" read="1" service_center="+380672021111" />
	<sms address="+380632613931" date="1420300703710" type="1" body=" У Вас пропущених дзвінків: 3 від +380632613931, останній в 16:39, 03.01.2015.*** Безлімітний ВКонтакті з мобільного всього за 10 грн/30 днів: *123*79#" read="1" service_center="+380630000007" />
	<sms address="life:)" date="1420278911345" type="1" body=": *111#" read="1" service_center="+380442379984" />
	<sms address="+380974271384" date="1420103856886" type="1" body="С Новым Годом! ! ! Желаю что бы коза не съела всю капусту в этом году)" read="1" service_center="+380672021111" />
	<sms address="+380974271384" date="1420102652193" type="1" body="С Новым Годом! ! ! Желаю что бы коза не съела всю капусту в этом году)" read="1" service_center="+380672021111" />
	<sms address="+380660375875" date="1420074432335" type="1" body="Хай несе Вам Новий Рік, лиш достаток на поріг,щоб добро в житті велося, все омріяне збулося!  Бажаю міцного здоров я, удачі у всьому, любові, миру і Божої благодаті ! Ткаченко Іван." read="1" service_center="+38050000501" />
	<sms address="+380934090501" date="1420060086964" type="1" body="С Новым 2015 годом!!!Пускай сбываются все мечты!!!" read="1" service_center="+380630000008" />
	<sms address="+380638717992" date="1420058739614" type="1" body="з новим роком. Стійкості до перепон, сил та наснаги для їх подолання у непростому Новому 2015 році:)" read="1" service_center="+380630000008" />
	<sms address="TAXI-797" date="1420048298075" type="1" body="Т : 116 грн  В 19:56  :  AI0427BM ЗЕЛЕНЫЙ ДЕУ ЛАНОС (050-130-60-62) " read="1" service_center="+380442379984" />
	<sms address="+380982559398" date="1419868750317" type="1" body="Я звонил(а) Вам  
в 17:25, 29.12.14.
" read="1" service_center="+380672021111" />
	<sms address="Rozetka" date="1419857479412" type="1" body="Спасибо, Ваша заявка №23869447 оплачена. Мы свяжемся с Вами в ближайшее время." read="1" service_center="+380442379984" />
	<sms address="Rozetka" date="1419857106501" type="1" body="Спасибо за Вашу заявку №23869447. Мы свяжемся с Вами в ближайшее время." read="1" service_center="+380442379984" />
	<sms address="+380679106858" date="1419854806892" type="1" body="0983366177 Славик(сантехник)" read="1" service_center="+380672021111" />
	<sms address="+380679106858" date="1419791774766" type="1" body="Спасибо .  / с наступающим Н.годом! /" read="1" service_center="+380672021111" />
	<sms address="+380974482498" date="1419771740705" type="1" body="Я звонил(а) Вам  
в 15:00, 28.12.14.
" read="1" service_center="+380672021111" />
	<sms address="OTPBANK" date="1419692044497" type="1" body="Novorichna akciia vid OTP Banku! Vam dostupna suma do 20 000 UAH. Do 31.12.2014 pratsiuiemo bez vyhidnyh z 09:00 do 21:00. Detali za nomeramy:(067)245-61-08, (063)639-30-30" read="1" service_center="+380442379984" />
	<sms address="+380664279430" date="1419602167262" type="1" body=" У Вас пропущених дзвінків: 1 від +380664279430, останній в 15:48, 26.12.2014.*** Безлімітний ВКонтакті з мобільного всього за 10 грн/30 днів: *123*79#" read="1" service_center="+380630000007" />
	<sms address="Taxi Pro" date="1419601775238" type="1" body="V SportLife luchshie ceny: tren.zal + bassejn = 290 grn./MESYAC! Tren.zal = 150 grn./MESYAC! Klientam Taxi PRO +30 dnej v PODAROK! Tolko 5 dnej! Info:0442224222" read="1" service_center="+380443736994" />
	<sms address="SPORTMASTER" date="1419504896940" type="1" body="АНДРIЮ, НАРАХОВАНI ВАМ 100 БОНУСIВ ДIЮТЬ ДО 31.12.14. ВИКОРИСТАЙТЕ ЇХ З КОРИСТЮ! 1 БОНУС=1 ГРН. IНФО:0800505707" read="1" service_center="+380442379984" />
	<sms address="+380975059403" date="1419376171412" type="1" body="Я звонил(а) Вам 2 раза. Последний - 
в 23:02, 23.12.14.
" read="1" service_center="+380672021111" />
	<sms address="+380974482498" date="1418993255248" type="1" body="З днем ангела СИНКУ ХАЙ СВЯТИЙ МИКОЛАЙ ТЕБЕ ВСЮДИ СУПРОВОДЖУЄ ТА ОБЕРІГАЄ" read="1" service_center="+380672021111" />
	<sms address="+380975059403" date="1418983626583" type="1" body="Я снова на связи! Перезвоните мне, пожалуйста.  " read="1" service_center="+380672021111" />
	<sms address="+380975059403" date="1418885397639" type="1" body="Я снова на связи! Перезвоните мне, пожалуйста.  " read="1" service_center="+380672021111" />
	<sms address="+380975478725" date="1418884499060" type="1" body="Я снова на связи! Перезвоните мне, пожалуйста.  " read="1" service_center="+380672021111" />
	<sms address="+380638589854" date="1418652871294" type="1" body="Заебись? И что мне у экстрасенса узнать последнюю цыфру? В дежурку позвони и узнай точный номер." read="1" service_center="+380630000008" />
	<sms address="+380638589854" date="1418652770839" type="2" body="Последняя цифра либо 6 либо 7 " read="1" service_center="" />
	<sms address="+380638589854" date="1418652722597" type="2" body="0661482986" read="1" service_center="" />
	<sms address="Moi_znyzhky" date="1418478304912" type="1" body="Кращий подарунок до Миколая від КЮЗ! -20%. 14-21 грудня. www.kuz.ua " read="1" service_center="+380672021111" />
	<sms address="Moi_znyzhky" date="1418478005512" type="1" body="Кращий подарунок до Миколая від КЮЗ! -20%. 14-21 грудня. www.kuz.ua " read="1" service_center="+380672021111" />
	<sms address="+380679246018" date="1418460557118" type="1" body="ВІТАЮ!Нехай Ангел-Хоронитель йде пліч-о-пліч через все життя! Янчук Р." read="1" service_center="+380672021111" />
	<sms address="+380935274589" date="1418450830715" type="1" body="Доброго ранку) Вітаю з денем Ангела-охоронця АНДРІЯ! Хай береже, допомагає, направляє на путь істинний у коханні і добрих справах)" read="1" service_center="+380630000008" />
	<sms address="StudentTaxi" date="1418444833996" type="1" body="Т : 54 грн В 06:31 будет СЕРЫЙ ЛАДА (У) АА8306МО" read="1" service_center="+380442379984" />
	<sms address="StudentTaxi" date="1418444511344" type="1" body="Т : 54 грн В 06:31 будет СЕРЫЙ ЛАДА (У) АА8306МО" read="1" service_center="+380442379984" />
	<sms address="+380974482498" date="1418444419396" type="2" body="Все забрав мамо. Дякую" read="1" service_center="" />
	<sms address="StudentTaxi" date="1418439367463" type="1" body="Т : 52 грн В 05:11 будет ЗЕЛЕНЫЙ ДЕУ ЛАНОС CA1863BI" read="1" service_center="+380442379984" />
	<sms address="FOXTROT" date="1418315170099" type="1" body="ZNYZHKY do 50% na multyvarki u FOXTROT! Tak Redmond M45011 na 5litriv za 999grn! Ta znizhka 12% na 3000 akc.tovariv z kartoyu FOXTROT! 12-14.12.14! 0800500153" read="1" service_center="+380442379984" />
	<sms address="+380975059403" date="1418239080581" type="1" body="Я снова на связи! Перезвоните мне, пожалуйста.  " read="1" service_center="+380672021111" />
	<sms address="+380974482498" date="1418211139967" type="1" body="Якщо можеш ПЕРЕДЗВОНИ" read="1" service_center="+380672021111" />
	<sms address="usb-monitor" date="1418124745549" type="1" body="IP: 127.0.0.1 - serial vgwvrhv3 is unregistered." read="1" service_center="+380443736994" />
	<sms address="+380679246018" date="1417895885466" type="1" body="ВІТАЮ!!!Нехай Господь пліч-о-пліч з крокує на дорозі служіння Україні!" read="1" service_center="+380672021111" />
	<sms address="+380935749240" date="1417865133875" type="1" body="И тебя))))" read="1" service_center="+380630000008" />
	<sms address="+380935749240" date="1417865083720" type="2" body="С праздником !:-) " read="1" service_center="" />
	<sms address="+380631541241" date="1417865012025" type="2" body="Дякую! Взаемно :-) " read="1" service_center="" />
	<sms address="+380631541241" date="1417860525971" type="1" body="вітаю з Днем ЗСУ!" read="1" service_center="+380630000007" />
	<sms address="+380932728149" date="1417859408013" type="1" body=" У Вас пропущених дзвінків: 1 від +380932728149, останній в 11:44, 06.12.2014.*** Безлімітний ВКонтакті з мобільного всього за 10 грн/30 днів: *123*79#" read="1" service_center="+380630000007" />
	<sms address="+380660375875" date="1417856452153" type="1" body="С праздником. Всего хорошего, щастья, успехов во всем.:)" read="1" service_center="+38050000501" />
	<sms address="+380936027784" date="1417856429581" type="1" body="Поздравляю с праздником желаю мирного неба и наснаги!" read="1" service_center="+380630000007" />
	<sms address="Bilink" date="1417853866335" type="1" body="Увага!Послугу буде призупинено 07.12.Поповніть рахунок за дог.№0816536" read="1" service_center="+380442379984" />
	<sms address="+380974482498" date="1417794913281" type="1" body="Я снова на связи! Перезвоните мне, пожалуйста.  " read="1" service_center="+380672021111" />
	<sms address="+380974482498" date="1417769851584" type="2" body="Поки що не при1ду" read="1" service_center="" />
	<sms address="+380974482498" date="1417766922506" type="1" body="Напиши мені есемеску чи ти приїдеш" read="1" service_center="+380672021111" />
	<sms address="SPORTMASTER" date="1417681928911" type="1" body="АНДРIЮ, ВАМ НАРАХОВАНО 100 БОНУСIВ! ВИКОРИСТАЙТЕ ЇХ ЯК ЗНИЖКУ ДО 30% НА БУДЬ-ЯКI ТОВАРИ  З 4 ПО 31 ГРУДНЯ 2014. IНФО:0800505707" read="1" service_center="+380442379984" />
	<sms address="Taxi Pro" date="1417594618226" type="1" body="Уважаемый пассажир!
Мы очень дорожим вашим обращением в нашу службу заказа такси. 
Приносим извинения, что ранее не смогли предоставить Вам свободный автомобиль. На данный момент у нас много своих и хороших автомобилей, чтобы обеспечить быструю подачу каждому клиенту. 
Спасибо, что вы с нами! 
P.S. Для Вашего удобства мы запустили наше эксклюзивное мобильное приложение для заказа такси со Смартфона: http://taxiprotp.ua/get_app/device_init/" read="1" service_center="+380443736994" />
	<sms address="+380935749240" date="1417432812998" type="2" body="Киргиз
096 855 3441" read="1" service_center="" />
	<sms address="+380679106858" date="1417368305331" type="1" body="Спасибо." read="1" service_center="+380672021111" />
	<sms address="+380635335307" date="1417200127982" type="1" body="28.11.2014.*** Безлімітний ВКонтакті з мобільного всього за 10 грн/30 днів: *123*79#" read="1" service_center="+380630000007" />
	<sms address="+380635335307" date="1417199217791" type="1" body=" У Вас пропущених дзвінків: 1 від +380635335307, останній в 19:48, 28.11.2014.*** Безлімітний ВКонтакті з мобільного всього за 10 грн/" read="1" service_center="+380630000007" />
	<sms address="+380930736419" date="1417191933250" type="1" body=" У Вас пропущених дзвінків: 1 від +380930736419, останній в 18:06, 28.11.2014.*** Безлімітний ВКонтакті з мобільного всього за 10 грн/30 днів: *123*79#" read="1" service_center="+380630000007" />
	<sms address="Bilink" date="1416999624353" type="1" body="Andriy, vi s nami uzhe 1 god, aktiviruyte podarok (vse tv-kanali na 7 dney) v Lichnom kabinete v techenii 1 mesiaca." read="1" service_center="+380442379984" />
	<sms address="+380638589854" date="1416924352950" type="1" body="Ржачно было когда ты на потолке ответы на вопросы искал." read="1" service_center="+380630000008" />
	<sms address="+380638589854" date="1416924045473" type="2" body=":-) :-) :-)  я норм выступил ?" read="1" service_center="" />
	<sms address="+380638589854" date="1416924008312" type="1" body="Незабудь мне и Артёму чай сделать." read="1" service_center="+380630000007" />
	<sms address="+380638589854" date="1416923937396" type="2" body="Картридж в пртнтере. Лаве с чеком у тебя на столе" read="1" service_center="" />
	<sms address="+380935749240" date="1416913418287" type="1" body=" У Вас пропущених дзвінків: 1 від +380935749240, останній в 11:57, 25.11.2014.*** Безлімітний ВКонтакті з мобільного всього за 10 грн/30 днів: *123*79#" read="1" service_center="+380630000007" />
	<sms address="StudentTaxi" date="1416604439594" type="1" body="Т : 48 грн В 23:19  :  AA1677KX белая Daewoo Nexia (063-022-97-10) " read="1" service_center="+380442379984" />
	<sms address="+380687084498" date="1416549075211" type="1" body="Автовідповідач: у Вас нових повідомлень 2 від +380687084498, останнє залишено 21.11.2014 в 07:51; прослухати - дзвоніть 5000 або +380635000111 (безкоштовно з life:) в межах України)" read="1" service_center="+380630000008" />
	<sms address="+380687084498" date="1416508908700" type="1" body="Автовідповідач: у Вас нових повідомлень 1 від +380687084498, останнє залишено 20.11.2014 в 20:41; прослухати - дзвоніть 5000 або +380635000111 (безкоштовно з life:) в межах України)" read="1" service_center="+380630000008" />
	<sms address="+380935749240" date="1416499674747" type="1" body=" У Вас пропущених дзвінків: 1 від +380935749240, останній в 17:50, 20.11.2014.*** 125SMS лише за 15грн/30днів: *123*125#" read="1" service_center="+380630000007" />
	<sms address="+380675062860" date="1416475272165" type="1" body="20.11.2014.*** 125SMS лише за 15грн/30днів: *123*125#" read="1" service_center="+380630000007" />
	<sms address="+380675062860" date="1416468245165" type="1" body=" У Вас пропущених дзвінків: 4 від +380675062860, останній в 09:01, " read="1" service_center="+380630000007" />
	<sms address="+380638717992" date="1416468174296" type="1" body="Я звонил(а) Вам  
в 09:01, 20.11.14.
" read="1" service_center="+380672021111" />
	<sms address="+380935749240" date="1416468169399" type="1" body="Я звонил(а) Вам  
в 09:00, 20.11.14.
" read="1" service_center="+380672021111" />
	<sms address="+380638717992" date="1416467938867" type="1" body=" У Вас пропущених дзвінків: 1 від +380638717992, останній в 09:01, 20.11.2014.*** 125SMS лише за 15грн/30днів: *123*125#" read="1" service_center="+380630000007" />
	<sms address="+380638589854" date="1416231200889" type="2" body="Тяжелый случай:-) :-) :-) " read="1" service_center="" />
	<sms address="+380638589854" date="1416231072825" type="1" body="Он меня начинает накалять@_@" read="1" service_center="+380630000008" />
	<sms address="Taxi Pro" date="1416205646559" type="1" body="белая Рено Kangoo  AA 5286 CP ожидает  Вас по адресу, сумма за заказ 62 грн. Приятной поездки." read="1" service_center="+380443736994" />
	<sms address="Taxi Pro" date="1416204836988" type="1" body="К Вам подъедет Рено Kangoo, белая, AA 5286 CP через 8 мин. Приятной поездки." read="1" service_center="+380443736994" />
	<sms address="+380962473714" date="1416158740702" type="1" body="Ya namagavsia(las&apos;) Vam dodzvonytysia 2014-11-16 19:24:37. Peredzvonit&apos;, bud&apos;laska." read="1" service_center="+380672021111" />
	<sms address="Taxi Pro" date="1416113425028" type="1" body="черный Шевроле Aveo  CB 5629 AI ожидает  Вас по адресу, сумма за заказ 69 грн. Приятной поездки." read="1" service_center="+380443736994" />
	<sms address="Taxi Pro" date="1416112817279" type="1" body="К Вам подъедет Шевроле Aveo, черный, CB 5629 AI через 15 мин. Приятной поездки." read="1" service_center="+380443736994" />
	<sms address="StudentTaxi" date="1416112447581" type="1" body="Извините, авто не нашли:(Позвоните IMPERIA-TAXI 0982824040" read="1" service_center="+380442379984" />
	<sms address="StudentTaxi" date="1416106868186" type="1" body="Т : 52 грн В 05:10 будет ЗЕЛЕНЫЙ ДЕУ ЛАНОС АА9172АК" read="1" service_center="+380442379984" />
	<sms address="TaxiKaramel" date="1416053091431" type="1" body="Низкая цена
Быстрая подача авто!
Киев
0937452222
0667452222
0672178686" read="1" service_center="+380442379984" />
	<sms address="+380974482498" date="1415901653550" type="1" body="Я дзвонив(ла) Вам  
о 19:48, 13.11.14.
//&quot;Supervyznachnyk nomera&quot; vyznachyt navit pryhovani nomery! 477*25" read="1" service_center="+380672021111" />
	<sms address="+380965924721" date="1415814935775" type="1" body="Ya namagavsia(las&apos;) Vam dodzvonytysia 2014-11-12 19:49:59. Peredzvonit&apos;, bud&apos;laska." read="1" service_center="+380672021111" />
	<sms address="TaxiKaramel" date="1415200401407" type="1" body="Низкая цена
Быстрая подача авто!
Киев
0937452222
0667452222
0672178686" read="1" service_center="+380442379984" />
	<sms address="+380935749240" date="1415174644510" type="1" body="lazexe@0nl1ne.at      внимание, в логине используется ноль и единица" read="1" service_center="+380630000007" />
	<sms address="0975478725" date="1415108942746" type="2" body="Ти вже на вокзали ?" read="1" service_center="" />
	<sms address="+380975059403" date="1415073040901" type="1" body="0975478725" read="1" service_center="+380672021111" />
	<sms address="0975059403" date="1415044395098" type="2" body="098 282 4040" read="1" service_center="" />
	<sms address="0975059403" date="1415044341150" type="2" body="093 633 4040" read="1" service_center="" />
	<sms address="Bilink" date="1414657088686" type="1" body="Увага!Послугу буде призупинено 31.10.Поповніть рахунок за дог.№0816536" read="1" service_center="+380442379984" />
	<sms address="Taxi Pro" date="1414570831408" type="1" body="Скачайте наше новое бесплатное приложение для заказа такси!
- Автоопределение местоположения;
- Наблюдение за машиной по карте;
- Быстрая подача;
- Оценивание работы водителя.
http://taxiprotp.ua/get_app/device_init/" read="1" service_center="+380443736994" />
	<sms address="+380679106858" date="1414565424953" type="1" body="Спасибо!" read="1" service_center="+380672021111" />
	<sms address="+380935749240" date="1414425515331" type="1" body=" У Вас пропущених дзвінків: 1 від +380935749240, останній в 16:54, 27.10.2014.*** 125SMS лише за 15грн/30днів: *123*125#" read="1" service_center="+380630000007" />
	<sms address="+380979373655" date="1414409747600" type="1" body="Падаван" read="1" service_center="+380672021111" />
	<sms address="+380935749240" date="1414403865531" type="1" body=" У Вас пропущених дзвінків: 1 від +380935749240, останній в 11:33, 27.10.2014.*** 125SMS лише за 15грн/30днів: *123*125#" read="1" service_center="+380630000007" />
	<sms address="+380634430678" date="1414263157390" type="1" body="Автовідповідач: у Вас нових повідомлень 1 від +380634430678, останнє залишено 25.10.2014 в 21:46; прослухати - дзвоніть 5000 або +380635000111 (безкоштовно з life:) в межах України)" read="1" service_center="+380630000008" />
	<sms address="Wallet One" date="1414237707011" type="1" body="The invoce #347405200168 is made out for the amount of 38,89  UAH. Instruction here - http://merchant.w1.ru/checkout/scenario/CashTerminalExpress/Defa" read="1" service_center="+380442379984" />
	<sms address="+380939984784" date="1414141989501" type="1" body="Otrymajte vidpravlennja vid Grinchenko Oleg Valentinovich 59000079296527 u viddilenni 24 (Kiyiv, Bilorus&apos;ka, 21). Dokumenty dlja otrymannja: pasport.Info:www.novaposhta.ua" read="1" service_center="+380630000008" />
	<sms address="StudentTaxi" date="1414034906893" type="1" body="Т : 55 грн В 06:34  :  АА4706ЕС синий Мерседес-Бенс (093-904-72-30) " read="1" service_center="+380442379984" />
	<sms address="+380974482498" date="1414034208238" type="2" body="Все отримав мамо:-)  дякую:-) " read="1" service_center="" />
	<sms address="StudentTaxi" date="1414028587686" type="1" body="Т : 52 грн В 04:47  :  ВН9667ВХ КРАСНАЯ ДАЧА ЛОГАН (098-019-78-12) " read="1" service_center="+380442379984" />
	<sms address="+380974482498" date="1413911170649" type="1" body="Я знову на зв’язку! Зателефонуйте мені, будь ласка. " read="1" service_center="+380672021111" />
	<sms address="+380974482498" date="1413891469146" type="1" body="Подзвони чи прийшли гроші" read="1" service_center="+380672021111" />
	<sms address="+380974482498" date="1413730012525" type="1" body="Хресний0687121527" read="1" service_center="+380672021111" />
	<sms address="+380937698164" date="1413652774464" type="1" body="Теплая вода 69, холодная 85, электричество 6655" read="1" service_center="+380630000008" />
	<sms address="+380974482498" date="1413481497234" type="2" body="24 и 28" read="1" service_center="" />
	<sms address="+380636499184" date="1413467767578" type="1" body="Такси #1.
0445013501
0635013501.
Авто не ниже Шевроле." read="1" service_center="+380630000007" />
	<sms address="TaxiKaramel" date="1413466473464" type="1" body="Низкая цена
Быстрая подача авто!
Киев
0937452222
0667452222
0672178686" read="1" service_center="+380442379984" />
	<sms address="+380937752973" date="1413380270293" type="2" body="Спасибо:-) " read="1" service_center="" />
	<sms address="+380937752973" date="1413377637596" type="1" body="18 и 24 у тебя наряд" read="1" service_center="+380630000008" />
	<sms address="+380974482498" date="1413147015782" type="1" body=" У Вас пропущених дзвінків: 1 від +380974482498, останній в 21:33, 12.10.2014.*** 125SMS лише за 15грн/30днів: *123*125#" read="1" service_center="+380630000007" />
	<sms address="+380974482498" date="1413140132786" type="1" body="Я дзвонив(ла) Вам  
о 21:32, 12.10.14.
//Perekazujte koshty zi svogo mobilnogo na rahunok blyzkym! Info 922*40" read="1" service_center="+380672021111" />
	<sms address="+380934090501" date="1413038598826" type="1" body="Абонент +380934090501 знову на зв&apos;язку з 11.10 17:43.Будь ласка, зателефонуйте!*** 125SMS лише за 15грн/30днів: *123*125#" read="1" service_center="+380630000007" />
	<sms address="+380934090501" date="1413036765617" type="1" body="Абонент +380934090501 знову на зв&apos;язку з 11.10 17:12.Будь ласка, зателефонуйте!*** 125SMS лише за 15грн/30днів: *123*125#" read="1" service_center="+380630000007" />
	<sms address="ComfyCEPBIC" date="1413018777532" type="1" body="Dobryj den&apos;! Budem po ukazannomu Vami adresu s 14,00 po 15,00 . Podgotov&apos;te, pozhalujsta, kassovyj chek." read="1" service_center="+380442379984" />
	<sms address="Taxi Marka" date="1412837813376" type="1" body="Если с временем запарка – набирайте такси Марка! 0966882626 0442226565" read="1" service_center="+380443736994" />
	<sms address="IMPERIA" date="1412832480790" type="1" body="В 08:36  :  АА5981ЕХ Бежевый Део Нексиа (096-954-23-01) .Выходите без" read="1" service_center="+380442379984" />
	<sms address="Taxi Pro" date="1412832005099" type="1" body="Извините, в Вашем районе нет свободных машин. Будем ждать Вашего обращения в следующий раз!" read="1" service_center="+380443736994" />
	<sms address="+380974482498" date="1412685622486" type="1" body="Ратрап для комах та гризунів" read="1" service_center="+380672021111" />
	<sms address="777" date="1412577217391" type="1" body="Дід Василь! Зі святом одруження тебе! Шкода, що не запросив.
Info pro Vash taryfnyj plan 466*66" read="1" service_center="+380672021111" />
	<sms address="+380687084498" date="1412534429784" type="1" body="Я дзвонив(ла) Вам  
о 21:38, 05.10.14.
//Osinni TOP-hity zamist&apos; gudkiv BEZKOSHTOVNO na 7 dniv! 465" read="1" service_center="+380672021111" />
	<sms address="+380935749240" date="1412527145855" type="1" body=" У Вас пропущених дзвінків: 1 від +380935749240, останній в 13:41, 05.10.2014.*** 125SMS лише за 15грн/30днів: *123*125#" read="1" service_center="+380630000007" />
	<sms address="+380972334548" date="1412520718501" type="1" body="Я дзвонив(ла) Вам  
о 08:13, 05.10.14.
//Osinni TOP-hity zamist&apos; gudkiv BEZKOSHTOVNO na 7 dniv! 465" read="1" service_center="+380672021111" />
	<sms address="+380687084498" date="1412520709205" type="1" body="Я дзвонив(ла) Вам 2 рази. Останній - 
о 11:04, 05.10.14.
//Osinni TOP-hity zamist&apos; gudkiv BEZKOSHTOVNO na 7 dniv! 465" read="1" service_center="+380672021111" />
	<sms address="+380975059403" date="1412520702379" type="1" body="Я дзвонив(ла) Вам  
о 10:15, 05.10.14.
//Osinni TOP-hity zamist&apos; gudkiv BEZKOSHTOVNO na 7 dniv! 465" read="1" service_center="+380672021111" />
	<sms address="IMPERIA" date="1412455768861" type="1" body="В 23:55  :  АА2564НХ Зеленый Фольксваген Кадди Ун (099-012-53-51) .Вы" read="1" service_center="+380442379984" />
	<sms address="IMPERIA" date="1412455465225" type="1" body="В 23:50  :  AA0701BC зеленый Daewoo Lanos (098-598-48-51) .Выходите б" read="1" service_center="+380442379984" />
	<sms address="+380934090501" date="1412445407473" type="1" body="Андрюха,поздравляю Вас с Дашей с этим чудесным днем,желаю Вам счастья,любви,взаимопонимания,ну и деток побольше!!!)))" read="1" service_center="+380630000008" />
	<sms address="+380687084498" date="1412345740552" type="1" body=" У Вас пропущених дзвінків: 1 від +380687084498, останній в 17:05, 03.10.2014.*** 125SMS лише за 15грн/30днів: *123*125#" read="1" service_center="+380630000007" />
	<sms address="+380509468388" date="1412341249310" type="1" body="Пахом приехал! В 5-го числа идем бухать! Ты как?" read="1" service_center="+38050000501" />
	<sms address="+380974482498" date="1412276355936" type="1" body="Я дзвонив(ла) Вам  
о 20:51, 02.10.14.
" read="1" service_center="+380672021111" />
	<sms address="+380974482498" date="1412275430661" type="1" body=" У Вас пропущених дзвінків: 1 від +380974482498, останній в 20:53, 02.10.2014.*** 125SMS лише за 15грн/30днів: *123*125#" read="1" service_center="+380630000007" />
	<sms address="+380937698164" date="1412261954363" type="1" body=" У Вас пропущених дзвінків: 1 від +380937698164, останній в 17:19, 02.10.2014.*** 125SMS лише за 15грн/30днів: *123*125#" read="1" service_center="+380630000007" />
	<sms address="+380932728149" date="1412184095294" type="1" body=" У Вас пропущених дзвінків: 1 від +380932728149, останній в 19:48, 01.10.2014.*** 125SMS лише за 15грн/30днів: *123*125#" read="1" service_center="+380630000007" />
	<sms address="+380932728149" date="1412174797531" type="1" body="Окей)" read="1" service_center="+380630000007" />
	<sms address="+380932728149" date="1412174764117" type="2" body="Скорей всего бионтка на вечер" read="1" service_center="" />
	<sms address="+380932728149" date="1412174637277" type="1" body="Что,где, когда???" read="1" service_center="+380630000007" />
	<sms address="+380935647482" date="1411946820078" type="1" body="Абонент +380935647482 знову на зв&apos;язку з 29.09 02:26.Будь ласка, зателефонуйте!СМС-Знайомства на *113#! Знайди любов та друзів! 0,59 грн./день" read="1" service_center="+380630000007" />
	<sms address="TAXI-797" date="1411908067234" type="1" body="Т : 62 грн  В 15:48  :  AA5849IX черный  BMW  5 (093-445-19-66) " read="1" service_center="+380442379984" />
	<sms address="40404" date="1411834465584" type="1" body="@itgodhullelujah теперь читает вас!

Ответьте пользователю @itgodhullelujah с помощью ЧИТАТЬ, чтобы читать его тоже.
Отправьте КТО @itgodhullelujah, чтобы посмотреть профиль пользователя." read="1" service_center="+380442379984" />
	<sms address="MakeUp" date="1411802029064" type="1" body="Андрей Васильцев, с Новым Годом! Каким? Сегодня 1 год со дня вашего первого заказа в магазине MakeUp.com.ua. Сделайте заказ до 11.10.14 и получите от нас фирменный подарок!. +380443740383" read="1" service_center="+380442379984" />
	<sms address="FOXTROT" date="1411723059570" type="1" body="Kraschyi vybir u FOXTROT! Velykyi  holodylnyk GORENJE RK 6191BW za 4999 grn + multivarka Gorenje MCE4W u podarunok! 25.09-15.10.14! Info:0800500153" read="1" service_center="+380442379984" />
	<sms address="+380974482498" date="1411667675565" type="1" body="Я дзвонив(ла) Вам  
о 20:32, 25.09.14.
" read="1" service_center="+380672021111" />
	<sms address="+380935749240" date="1411627897723" type="1" body="Абонент +380935749240 знову на зв&apos;язку з 25.09 09:51.Будь ласка, зателефонуйте!СМС-Знайомства на *113#! Знайди любов та друзів! 0,59 грн./день" read="1" service_center="+380630000007" />
	<sms address="+380939984784" date="1411566083428" type="1" body="Yurareg2010@gmail.com" read="1" service_center="+380630000008" />
	<sms address="+380935749240" date="1411555295847" type="1" body=" У Вас пропущених дзвінків: 1 від +380935749240, останній в 13:26, 24.09.2014.*** 125SMS лише за 15грн/30днів: *123*125#" read="1" service_center="+380630000007" />
	<sms address="+380935749240" date="1411461143429" type="1" body="Ок" read="1" service_center="+380630000008" />
	<sms address="+380935749240" date="1411461116161" type="2" body="Я отпросил нас на 12:-) " read="1" service_center="" />
	<sms address="Bilink" date="1411197471487" type="1" body="Увага!Послугу буде призупинено 21.09.Поповніть рахунок за дог.№0816536" read="1" service_center="+380442379984" />
	<sms address="sms" date="1411117049385" type="1" body="Hello" read="1" service_center="+380443736994" />
	<sms address="TAXI-797" date="1410701168518" type="1" body="Т : 64 грн  В 16:32  :  АА3474ЕЕ красный Мицубиси Лансер (093-699-29-9" read="1" service_center="+380442379984" />
	<sms address="+380975059403" date="1410632916288" type="1" body="Я дзвонив(ла) Вам  
о 21:17, 13.09.14.
//Perekazujte koshty zi svogo mobilnogo na rahunok blyzkym! Info 922*40" read="1" service_center="+380672021111" />
	<sms address="+380934090501" date="1410631587260" type="1" body=" У Вас пропущених дзвінків: 1 від +380934090501, останній в 21:04, 13.09.2014.*** 25 SMS за кордон лише за 15 грн  - *123*25#" read="1" service_center="+380630000007" />
	<sms address="+380972334548" date="1410627969149" type="1" body="Автовідповідач: у Вас нових повідомлень 1 від +380972334548, останнє залишено 13.09.2014 в 20:05; прослухати - дзвоніть 5000 або +380635000111 (безкоштовно з life:) в межах України)" read="1" service_center="+380630000008" />
	<sms address="+380975059403" date="1410612344101" type="1" body="Я знову на зв’язку! Зателефонуйте мені, будь ласка. " read="1" service_center="+380672021111" />
	<sms address="5225" date="1410595952513" type="1" body="Надішли 1 на 5225 -  вивчай англійську тричі на тиждень. Уроки у вигляді SMS! Вартість 3,19 грн/тиждень (з ПДВ і ПФ)." read="1" service_center="+380630010563" />
	<sms address="+380974482498" date="1410579451080" type="2" body="Я забрав мамо дякую" read="1" service_center="" />
	<sms address="TAXI-797" date="1410574456664" type="1" body="Т : 55 грн  В 05:21  :  АI6105СЕ бежевый ЛАДА (063-303-15-84) " read="1" service_center="+380442379984" />
	<sms address="+380974482498" date="1410520619379" type="1" body="Синку ти виспався" read="1" service_center="+380672021111" />
	<sms address="+380939299575" date="1410290502616" type="1" body=" У Вас пропущених дзвінків: 2 від +380939299575, останній в 22:16, 09.09.2014.*** 25 SMS за кордон лише за 15 грн  - *123*25#" read="1" service_center="+380630000007" />
	<sms address="+380939299575" date="1410290443488" type="1" body="0672087746" read="1" service_center="+380630000007" />
	<sms address="+380939299575" date="1410288857715" type="1" body="Абонент +380939299575 знову на зв&apos;язку з 09.09 21:54.Будь ласка, зателефонуйте!*** Розіграй друга! Набирай *5*063/093ххххххх та змінюй свій голос! (1,06 грн хв.)" read="1" service_center="+380630000007" />
	<sms address="+380939299575" date="1410288003344" type="1" body="Абонент +380939299575 знову на зв&apos;язку з 09.09 21:39.Будь ласка, зателефонуйте!*** Розіграй друга! Набирай *5*063/093ххххххх та змінюй свій голос! (1,06 грн хв.)" read="1" service_center="+380630000007" />
	<sms address="+380631608815" date="1410275737385" type="1" body="Абонент +380631608815 знову на зв&apos;язку з 09.09 18:15.Будь ласка, зателефонуйте!*** Розіграй друга! Набирай *5*063/093ххххххх та змінюй свій голос! (1,06 грн хв.)" read="1" service_center="+380630000007" />
	<sms address="7037" date="1410186826280" type="1" body="Бесплатный сервис &quot;КАЛЕЙДОСКОП&quot;! Самые горячие новости, точный прогноз погоды, прикольные СТАТУСЫ для соц.сетей ВСЕГДА БЕСПЛАТНО! Отправьте  SMS-код 0 на номер 7037. Заряд хорошего настроения гарантирован!" read="1" service_center="+380672021111" />
	<sms address="FILE" date="1410164008414" type="1" body="You recieved file at link:https://db.tt/jQlZCOXh and password:123" read="1" service_center="+380443736994" />
	<sms address="FILE" date="1410118694535" type="1" body="You recieved file at link:http://bit.ly/1w4WaqO and password:333" read="1" service_center="+380443736994" />
	<sms address="FILE" date="1410118632219" type="1" body="You recieved file at link:http://bit.ly/1w4W2Ym and password:P@ss651457" read="1" service_center="+380443736994" />
	<sms address="FILE" date="1410118607079" type="1" body="You recieved file at link:http://bit.ly/1urhpAj and password:" read="1" service_center="+380443736994" />
	<sms address="FILE" date="1410118517030" type="1" body="You recieved file at link:http://bit.ly/1w4VMIV and password:" read="1" service_center="+380443736994" />
	<sms address="FILE" date="1410113793756" type="1" body="You recieved file at link http://bit.ly/1AnmYR6" read="1" service_center="+380443736994" />
	<sms address="FILE" date="1410113200568" type="1" body="You recieved file at link https://db.tt/9KYsEoCr" read="1" service_center="+380443736994" />
	<sms address="FILE" date="1410113086745" type="1" body="You recieved file at link https://db.tt/9KYsEoCr" read="1" service_center="+380443736994" />
	<sms address="+380974482498" date="1410005104894" type="1" body="Я знову на зв’язку! Зателефонуйте мені, будь ласка. " read="1" service_center="+380672021111" />
	<sms address="sms" date="1409992600769" type="1" body="how are you ???" read="1" service_center="+380443736998" />
	<sms address="sms" date="1409992463207" type="1" body="how are you ?" read="1" service_center="+380443736998" />
	<sms address="sms" date="1409992392603" type="1" body="hello" read="1" service_center="+380443736998" />
	<sms address="SMS-INFO" date="1409943812156" type="1" body="Привет Андрюха" read="1" service_center="+380442379984" />
	<sms address="FOXTROT" date="1409849720899" type="1" body="FOXTROT  ZNYZHUE CINY! Tilky 72 godyny rozprodazh za znyzhenym kursom. Znyzhky do -60%. Pospishay! 05-07.09.2014 info 0800500153  " read="1" service_center="+380442379984" />
	<sms address="+380974482498" date="1409818653310" type="1" body="Заяву подали" read="1" service_center="+380672021111" />
	<sms address="+380937698164" date="1409734678553" type="2" body=".p12121312q" read="1" service_center="" />
	<sms address="+380937698164" date="1409729162352" type="1" body="vlandrey90@gmail.com" read="1" service_center="+380630000008" />
	<sms address="40404" date="1409558545289" type="1" body="@flops_ru теперь читает вас!

Ответьте пользователю @flops_ru с помощью ЧИТАТЬ, чтобы читать его тоже.
Отправьте КТО @flops_ru, чтобы посмотреть профиль пользователя." read="1" service_center="+380442379984" />
	<sms address="+380939811864" date="1409546456429" type="1" body="Абонент +380939811864 знову на зв&apos;язку з 01.09 07:40.Будь ласка, зателефонуйте!*** Розіграй друга! Набирай *5*063/093ххххххх та змінюй свій голос! (1,06 грн хв.)" read="1" service_center="+380630000007" />
	<sms address="+380667137093" date="1409407794550" type="2" body="Жека привет ! Вибач в мене не виходить завтра прийти. Дякую за запрошення" read="1" service_center="" />
	<sms address="+380636490588" date="1409228544287" type="1" body="Низькi
тарифи таксi:)
0981083434
онлайн замовлення
clubtaxi.com.ua" read="1" service_center="+380630000007" />
	<sms address="TAXI - 310" date="1409219840412" type="1" body="Только для Вас!
мы стали ещё дешевле.
Звонки на номер- 310
бесплатно))" read="1" service_center="+380442379984" />
	<sms address="+380974482498" date="1409204935867" type="1" body="Я знову на зв’язку! Зателефонуйте мені, будь ласка. " read="1" service_center="+380672021111" />
	<sms address="TAXI-797" date="1409197146868" type="1" body="Т : 50 грн  В 06:45  :  АА1728ОС золотой ДЕУ ЛАНОС (097-566-86-92) " read="1" service_center="+380442379984" />
	<sms address="TAXI-797" date="1409191526472" type="1" body="Т : 50 грн  В 05:12  :  АА6956МО белый Рено&quot;Кенго&quot; (063-644-39-50) " read="1" service_center="+380442379984" />
	<sms address="Moi_znyzhky" date="1409147520134" type="1" body="JYSK 10 rokiv v Ukraini. Til&apos;ky 28.08 - 10.09 znyzky do 50% na tovary dlja domu. Detali: jysk.ua,  044 321 02 70" read="1" service_center="+380672021111" />
	<sms address="+380974482498" date="1409056254750" type="2" body="Мама я отримав дякую" read="1" service_center="" />
	<sms address="Bibliotech" date="1409043611774" type="1" body="Privet!
Vy zaregistrirovani na lekciu Vladimir Gocyk &quot;Python 101&quot; v Bibliotech. 
Napominaem, lekcia sostoitsa zavtra 27/08 v 19:30.
Be smart!" read="1" service_center="+380442379984" />
	<sms address="+380935749240" date="1408891838575" type="1" body=" У Вас пропущених дзвінків: 1 від +380935749240, останній в 17:12, 24.08.2014.*** 25 SMS за кордон лише за 15 грн  - *123*25#" read="1" service_center="+380630000007" />
	<sms address="TAXI-797" date="1408872797329" type="1" body="Т : 68 грн  В 12:42  :  АА4649ОН СЕРЕБРО РЕНО  ТРАФИК(7МЕСТ)*К* (068-1" read="1" service_center="+380442379984" />
	<sms address="Lanet" date="1408790949377" type="1" body="Shanovnyj abonent!
Kod pidtverzhennja dlja zminy nomera telefonu: 2446
Djakujemo shho korystujetes nashymy poslugamy." read="1" service_center="+380442379984" />
	<sms address="0958617800" date="1408740161154" type="2" body="С днем рождения Мадемуазель :-) " read="1" service_center="" />
	<sms address="TAXI-797" date="1408739445302" type="1" body="Т : 78 грн  В 23:38  :  АА4432СI черный КИА (093-038-24-72) " read="1" service_center="+380442379984" />
	<sms address="+380935749240" date="1408636523459" type="1" body="Ул. Курнатовского 4" read="1" service_center="+380630000007" />
	<sms address="+380935749240" date="1408426765863" type="1" body=" У Вас пропущених дзвінків: 1 від +380935749240, останній в 08:33, 19.08.2014.*** 25 SMS за кордон лише за 15 грн  - *123*25#" read="1" service_center="+380630000007" />
	<sms address="TAXI-797" date="1408421666661" type="1" body="Т : 74 грн  В 07:21  :  АА6519ОА ЗЕЛЕНЫЙ РЕНО МЕГАН*У*К* (063-470-06-0" read="1" service_center="+380442379984" />
	<sms address="+380937698164" date="1408176268338" type="2" body="На месте " read="1" service_center="" />
	<sms address="0975059403" date="1408109545256" type="2" body="ул.Ярославов Вал,32-б	|||| +38 044 230 31 00(01,02)" read="1" service_center="" />
	<sms address="0975059403" date="1408109026713" type="2" body="Перезвони на киiвстар" read="1" service_center="" />
	<sms address="+380968553441" date="1407925240337" type="1" body="Передзвоніть, будь ласка, на мій номер +380968553441.//Nemae koshtiv na dzvinok? Zamovte do 50grn: *117#. Info 477*117" read="1" service_center="+380672021111" />
	<sms address="Bilink" date="1407827930430" type="1" body="Шановний абонент! Послуги буде призупинено 13.08.14 Поповніть рахунок." read="1" service_center="+380443736995" />
	<sms address="TAXI-797" date="1407814427014" type="1" body="Т : 45 грн  В 06:40  :  AI5522BK Синий Форд (093-836-33-47) " read="1" service_center="+380442379984" />
	<sms address="+380974482498" date="1407813396414" type="2" body="Мама я забрав посилку " read="1" service_center="" />
	<sms address="TAXI-797" date="1407810225380" type="1" body="Т : 50 грн  В 05:31  :  АА1084ТС белый Деу Нексия (063-112-66-45) " read="1" service_center="+380442379984" />
	<sms address="+380932728149" date="1407776084417" type="1" body="Киргиз
096 855 3441" read="1" service_center="+380630000007" />
	<sms address="+380935749240" date="1407751195996" type="1" body="maxfreelanceua :))" read="1" service_center="+380630000007" />
	<sms address="+380935749240" date="1407751121432" type="2" body="Sms  мой профиль andrewfreelance а твой ?:-) " read="1" service_center="" />
	<sms address="+380935749240" date="1407750930576" type="1" body="Через что тебе кинуть?" read="1" service_center="+380630000008" />
	<sms address="+380935749240" date="1407750869363" type="2" body="Кинь ссылку на свой профиль elance :-)" read="1" service_center="" />
	<sms address="MakeUp" date="1407750690849" type="1" body="Дарим вам сертификат на 50грн на покупки. Код сертификата S991247, действителен до 01.09.14. Сертификат персональный, использовать его можете только Вы. Желаем вам приятных покупок! http://MakeUp.com.ua" read="1" service_center="+380442379984" />
	</allsms>